<?xml version="1.0" encoding="UTF-8"?>
<kcfg xmlns="http://www.kde.org/standards/kcfg/1.0"
      xmlns:xsi="http://www.w3.org/2001/XMLSchema-instance"
      xsi:schemaLocation="http://www.kde.org/standards/kcfg/1.0
      http://www.kde.org/standards/kcfg/1.0/kcfg.xsd" >
  <kcfgfile name=""/>

  <group name="General">
    <entry name="CoverFlowFolder" type="String">
      <label>Last folder used</label>
      <default></default>
    </entry>
    <entry name="NumberOfCovers" type="int">
      <label>Number of covers</label>
      <default>7</default>
    </entry>
    <entry name="AutoMoveInterval" type="int">
      <label>Auto move interval ms</label>
      <default>2000</default>
    </entry>
    <entry name="CoverHeight" type="int">
      <label>Cover maximim height %</label>
      <default>80</default>
    </entry>
    <entry name="CoverMargin" type="int">
      <label>Cover top marginal of the background height, %</label>
      <default>10</default>
    </entry>
    <entry name="BackgroundColor" type="String">
      <label>Background color</label>
      <default>black</default>
    </entry>
    <entry name="CoverFlowBackgroundImage" type="String">
      <label>Background image</label>
      <default></default>
    </entry>
    <entry name="FillMode" type="int">
      <label>Image fill mode</label>
      <default>0</default>
    </entry>
  </group>

</kcfg>
