<?xml version="1.0" encoding="UTF-8"?>
<kcfg xmlns="http://www.kde.org/standards/kcfg/1.0"
      xmlns:xsi="http://www.w3.org/2001/XMLSchema-instance"
      xsi:schemaLocation="http://www.kde.org/standards/kcfg/1.0
      http://www.kde.org/standards/kcfg/1.0/kcfg.xsd" >
  <kcfgfile name=""/>

  <group name="General">
    <entry name="GifWallpaperBackgroundGif" type="String">
      <label>Gif file path</label>
      <default></default>
    </entry>
    <entry name="BackgroundColor" type="String">
      <label>Background color</label>
      <default>black</default>
    </entry>
    <entry name="FillMode" type="int">
      <label>Gif fill mode</label>
      <default>2</default>
    </entry>
  </group>

</kcfg>
