<?xml version="1.0" encoding="UTF-8"?>
<kcfg xmlns="http://www.kde.org/standards/kcfg/1.0"
      xmlns:xsi="http://www.w3.org/2001/XMLSchema-instance"
      xsi:schemaLocation="http://www.kde.org/standards/kcfg/1.0
      http://www.kde.org/standards/kcfg/1.0/kcfg.xsd" >
  <kcfgfile name=""/>

  <group name="General">
    <entry name="VideoWallpaperPlaylist" type="String">
      <label>Playlist path</label>
      <default></default>
    </entry>
    <entry name="BackgroundColor" type="String">
      <label>Background color</label>
      <default>black</default>
    </entry>
    <entry name="FillMode" type="int">
      <label>Video fill mode</label>
      <default>2</default>
    </entry>
    <entry name="MuteAudio" type="bool">
      <label>Mute audio</label>
      <default>true</default>
    </entry>
    <entry name="ListShuffle" type="bool">
      <label>Shuffle video list</label>
      <default>true</default>
    </entry>
    <entry name="Eject" type="int">
      <label>Restart play with a new playlist</label>
      <default>0</default>
    </entry>
    <entry name="ShuffleMode" type="int">
      <label>When to shuffle</label>
      <default>0</default>
    </entry>
  </group>

</kcfg>
